{
"lengthUnit": "mil",
"components": {
	"fields": ["COMPONENT_NO", "COMPONENT_NAME", "LAYER", "X_COORDINATE", "Y_COORDINATE", "ANGLE"],
	"rows": [
		[1, "BAT1", "T", -765, 0, 0],
		[2, "BT1", "B", -45, 0, 180],
		[3, "U21", "T", 1645.67, 307.09, 0],
		[4, "U22", "T", -1645.67, -307.09, 0],
		[5, "VBAT-", "T", 1645.67, -307.09, 0],
		[6, "VBAT+", "T", -1645.67, 307.09, 0]
	]
},
"pins": {
	"fields": ["PIN_NO", "PIN_NAME", "PIN_X", "PIN_Y", "LAYER", "PIN_TYPE", "NET_NAME", "NET_TYPE", "PAD_SHAPE", "PAD_SIZEX", "PAD_SIZEY", "HOLE_SIZE", "PAD_ANGLE"],
	"rows": [
		[1, "BAT1_1", -1220.71, 0, "T", "SMD", "GND", "GND", "R", 275.59, 110.24, 0, 0],
		[2, "BAT1_2", -309.29, 0, "T", "SMD", "VBAT_LOW", "", "R", 137.79, 149.61, 0, 0],
		[3, "BT1_1", 1332.95, 0, "T", "DIP", "GND", "GND", "O", 70.87, 259.84, 220.47, 180],
		[4, "BT1_1", 1332.95, 0, "B", "DIP", "GND", "GND", "O", 70.87, 259.84, 220.47, 180],
		[5, "BT1_2", -1422.95, 0, "T", "DIP", "VBAT", "", "O", 70.87, 259.84, 220.47, 180],
		[6, "BT1_2", -1422.95, 0, "B", "DIP", "VBAT", "", "O", 70.87, 259.84, 220.47, 180],
		[7, "U21_1", 1645.67, 307.09, "T", "DIP", "VBAT_LOW", "", "C", 137.79, 137.79, 94.49, 0],
		[8, "U21_1", 1645.67, 307.09, "B", "DIP", "VBAT_LOW", "", "C", 137.79, 137.79, 94.49, 0],
		[9, "U22_1", -1645.67, -307.09, "T", "DIP", "U22_1", "", "C", 137.79, 137.79, 94.49, 0],
		[10, "U22_1", -1645.67, -307.09, "B", "DIP", "U22_1", "", "C", 137.79, 137.79, 94.49, 0],
		[11, "VBAT-_1", 1645.67, -307.09, "T", "DIP", "GND", "GND", "C", 137.79, 137.79, 94.49, 0],
		[12, "VBAT-_1", 1645.67, -307.09, "B", "DIP", "GND", "GND", "C", 137.79, 137.79, 94.49, 0],
		[13, "VBAT+_1", -1645.67, 307.09, "T", "DIP", "VBAT", "", "C", 137.79, 137.79, 94.49, 0],
		[14, "VBAT+_1", -1645.67, 307.09, "B", "DIP", "VBAT", "", "C", 137.79, 137.79, 94.49, 0]
	]
}
}