{
"lengthUnit": "mil",
"components": {
	"fields": ["COMPONENT_NO", "COMPONENT_NAME", "LAYER", "X_COORDINATE", "Y_COORDINATE", "ANGLE"],
	"rows": [
		[1, "BOOT0", "B", 45.84, -209.86, 0],
		[2, "BUZZER1", "T", 760, -100, 180],
		[3, "C45", "T", 1307.43, -7.82, 270],
		[4, "C46", "T", 1248.8, -6.86, 270],
		[5, "C47", "T", 1014.33, -6.86, 270],
		[6, "C48", "T", 954.59, -6.86, 270],
		[7, "C49", "B", -547.29, 161.05, 270],
		[8, "C50", "B", -510.38, -192.49, 180],
		[9, "C51", "B", -850.98, -271.39, 180],
		[10, "C52", "B", -991.84, 19.43, 0],
		[11, "C53", "B", -1071.82, -156.82, 270],
		[12, "C54", "B", -1071.82, -46.82, 90],
		[13, "C55", "B", -310, -111.41, 180],
		[14, "C56", "B", -1340.97, -277.51, 180],
		[15, "C57", "T", -881.83, -17.82, 90],
		[16, "C58", "T", -895.41, 117.23, 270],
		[17, "C60", "T", -898.78, 289.7, 270],
		[18, "C61", "T", 90, 320, 135],
		[19, "C62", "T", 739.28, 342.1, 0],
		[20, "C63", "T", 316.77, 159.23, 0],
		[21, "C64", "T", 735, 180, 0],
		[22, "C65", "B", 955, -75, 0],
		[23, "C66", "B", 1400.85, -1.02, 0],
		[24, "C67", "B", 650.03, 343.85, 0],
		[25, "C68", "B", 776.77, 343.42, 180],
		[26, "C69", "B", 479.44, 344.14, 0],
		[27, "C70", "T", 1450, 85, 90],
		[28, "C71", "B", 238.14, 83.05, 270],
		[29, "C72", "B", 180.71, 82.95, 270],
		[30, "C73", "B", 125.97, 82.95, 270],
		[31, "C74", "B", -945, -180, 270],
		[32, "C75", "T", -490, 190, 0],
		[33, "C77", "B", -188.2, 167.64, 90],
		[34, "C78", "B", -410.32, 168.34, 90],
		[35, "D1", "T", -785.64, -109.51, 90],
		[36, "D2", "T", 895, 195, 270],
		[37, "D3", "B", 415, 30, 0],
		[38, "H1", "B", -1470.97, -74.26, 270],
		[39, "H2", "B", -1325, -75, 270],
		[40, "L1", "B", 710, 135, 90],
		[41, "LED1", "B", -1410.86, 261.37, 0],
		[42, "LED2", "B", 0, 260, 0],
		[43, "LED3", "B", 1424.35, 262.09, 0],
		[44, "Q2", "T", 240, 255, 180],
		[45, "Q3", "T", 505, -75, 180],
		[46, "R16", "B", 1453.56, 89.98, 270],
		[47, "R17", "B", 1510, -195, 270],
		[48, "R19", "B", -310, -53.56, 0],
		[49, "R20", "B", -55.72, -117.6, 180],
		[50, "R21", "B", -680, 230, 270],
		[51, "R22", "T", -435, 330, 0],
		[52, "R23", "T", -555, 330, 0],
		[53, "R24", "T", -680, 145, 270],
		[54, "R25", "T", -280.49, 266.66, 45],
		[55, "R26", "T", -796.33, 328.96, 0],
		[56, "R27", "T", -685, 330, 0],
		[57, "R28", "T", 232.93, 344.01, 0],
		[58, "R29", "T", 339.12, 285.8, 90],
		[59, "R30", "T", 826.56, 315.12, 90],
		[60, "R31", "T", 745, 260, 0],
		[61, "R32", "T", 826.22, 207.75, 90],
		[62, "R33", "B", 1398.18, -53.99, 180],
		[63, "R34", "B", 1093.83, 106.56, 180],
		[64, "R35", "B", 980, 25, 90],
		[65, "R36", "T", -1465, 285, 180],
		[66, "R37", "T", -1464.32, 230, 0],
		[67, "R38", "B", 209.57, 225.7, 0],
		[68, "R39", "T", 552.53, 76.54, 270],
		[69, "R40", "B", 425, -65, 0],
		[70, "R41", "B", -98.81, 4.41, 180],
		[71, "R42", "T", -1611.19, -174.67, 0],
		[72, "R43", "B", 1354.54, 125.44, 0],
		[73, "RST0", "B", -275.74, -202.33, 180],
		[74, "SW1", "B", 1115, 185, 0],
		[75, "SW2", "B", -1120, 185, 0],
		[76, "SW5", "B", 1195, -230, 180],
		[77, "U6", "B", -710.68, -35, 90],
		[78, "U7", "T", 1132.23, -12.41, 180],
		[79, "U8", "T", -1100, -65, 0],
		[80, "U9", "T", -560, -55, 0],
		[81, "U10", "T", -780, 100, 90],
		[82, "U11", "T", -70, 45, 315],
		[83, "U12", "T", -780, 235, 0],
		[84, "U13", "T", 523.67, 260.46, 270],
		[85, "U14", "T", -1530, -380, 0],
		[86, "U15", "B", 1604.24, 3.44, 90],
		[87, "U16", "B", 1180, -30, 270],
		[88, "U17", "B", 424.72, 203.44, 90],
		[89, "U18", "B", 585, -235, 180],
		[90, "U21", "B", -1645.67, -307.09, 180],
		[91, "U22", "B", 1645.67, 307.09, 180],
		[92, "U23", "T", 437.1, 77.43, 270],
		[93, "U24", "B", 563.09, -85.88, 180],
		[94, "U25", "B", -96.89, 99.26, 270],
		[95, "U26", "T", -1635, -5, 90],
		[96, "U27", "B", -300.99, 167.69, 180],
		[97, "VBAT-", "B", 1645.67, -307.09, 180],
		[98, "VBAT+", "B", -1645.67, 307.09, 180],
		[99, "X3", "B", -1166.82, -101.82, 90]
	]
},
"pins": {
	"fields": ["PIN_NO", "PIN_NAME", "PIN_X", "PIN_Y", "LAYER", "PIN_TYPE", "NET_NAME", "NET_TYPE", "PAD_SHAPE", "PAD_SIZEX", "PAD_SIZEY", "HOLE_SIZE", "PAD_ANGLE"],
	"rows": [
		[1, "BOOT0_1", -34.28, -209.86, "B", "SMD", "BOOT0", "", "R", 60.24, 53.54, 0, 0],
		[2, "BOOT0_2", 125.96, -209.86, "B", "SMD", "3V3", "", "R", 60.24, 53.54, 0, 0],
		[3, "BUZZER1_1", 838.74, -100, "T", "DIP", "3V3", "", "C", 70.87, 70.87, 39.37, 180],
		[4, "BUZZER1_1", 838.74, -100, "B", "DIP", "3V3", "", "C", 70.87, 70.87, 39.37, 180],
		[5, "BUZZER1_2", 681.26, -100, "T", "DIP", "$2N2590", "", "C", 70.87, 70.87, 39.37, 180],
		[6, "BUZZER1_2", 681.26, -100, "B", "DIP", "$2N2590", "", "C", 70.87, 70.87, 39.37, 180],
		[7, "C45_1", 1307.43, 19.74, "T", "SMD", "GND", "GND", "R", 31.5, 35.43, 0, 270],
		[8, "C45_2", 1307.43, -35.38, "T", "SMD", "5V", "", "R", 31.5, 35.43, 0, 270],
		[9, "C46_1", 1248.8, 20.7, "T", "SMD", "GND", "GND", "R", 31.5, 35.43, 0, 270],
		[10, "C46_2", 1248.8, -34.41, "T", "SMD", "5V", "", "R", 31.5, 35.43, 0, 270],
		[11, "C47_1", 1014.33, 20.7, "T", "SMD", "GND", "GND", "R", 31.5, 35.43, 0, 270],
		[12, "C47_2", 1014.33, -34.41, "T", "SMD", "3V3", "", "R", 31.5, 35.43, 0, 270],
		[13, "C48_1", 954.59, 20.7, "T", "SMD", "GND", "GND", "R", 31.5, 35.43, 0, 270],
		[14, "C48_2", 954.59, -34.41, "T", "SMD", "3V3", "", "R", 31.5, 35.43, 0, 270],
		[15, "C49_1", -547.29, 188.61, "B", "SMD", "GND", "GND", "R", 31.5, 35.43, 0, 270],
		[16, "C49_2", -547.29, 133.49, "B", "SMD", "3V3", "", "R", 31.5, 35.43, 0, 270],
		[17, "C50_1", -482.82, -192.49, "B", "SMD", "GND", "GND", "R", 31.5, 35.43, 0, 180],
		[18, "C50_2", -537.94, -192.49, "B", "SMD", "3V3", "", "R", 31.5, 35.43, 0, 180],
		[19, "C51_1", -823.42, -271.39, "B", "SMD", "GND", "GND", "R", 31.5, 35.43, 0, 180],
		[20, "C51_2", -878.54, -271.39, "B", "SMD", "3V3", "", "R", 31.5, 35.43, 0, 180],
		[21, "C52_1", -1019.4, 19.43, "B", "SMD", "GND", "GND", "R", 31.5, 35.43, 0, 0],
		[22, "C52_2", -964.28, 19.43, "B", "SMD", "3V3", "", "R", 31.5, 35.43, 0, 0],
		[23, "C53_1", -1071.82, -129.26, "B", "SMD", "OSC_IN", "", "R", 31.5, 35.43, 0, 270],
		[24, "C53_2", -1071.82, -184.38, "B", "SMD", "GND", "GND", "R", 31.5, 35.43, 0, 270],
		[25, "C54_1", -1071.82, -74.38, "B", "SMD", "OSC_OUT", "", "R", 31.5, 35.43, 0, 90],
		[26, "C54_2", -1071.82, -19.26, "B", "SMD", "GND", "GND", "R", 31.5, 35.43, 0, 90],
		[27, "C55_1", -282.44, -111.41, "B", "SMD", "GND", "GND", "R", 31.5, 35.43, 0, 180],
		[28, "C55_2", -337.56, -111.41, "B", "SMD", "REST", "", "R", 31.5, 35.43, 0, 180],
		[29, "C56_1", -1313.41, -277.51, "B", "SMD", "GND", "GND", "R", 31.5, 35.43, 0, 180],
		[30, "C56_2", -1368.53, -277.51, "B", "SMD", "3V3", "", "R", 31.5, 35.43, 0, 180],
		[31, "C57_1", -881.83, -45.38, "T", "SMD", "$1N1297", "", "R", 31.5, 35.43, 0, 90],
		[32, "C57_2", -881.83, 9.74, "T", "SMD", "$1N1296", "", "R", 31.5, 35.43, 0, 90],
		[33, "C58_1", -895.41, 144.79, "T", "SMD", "GND", "GND", "R", 31.5, 35.43, 0, 270],
		[34, "C58_2", -895.41, 89.67, "T", "SMD", "VFD-5V", "", "R", 31.5, 35.43, 0, 270],
		[35, "C60_1", -898.78, 317.26, "T", "SMD", "GND", "GND", "R", 31.5, 35.43, 0, 270],
		[36, "C60_2", -898.78, 262.14, "T", "SMD", "VFD-5V", "", "R", 31.5, 35.43, 0, 270],
		[37, "C61_1", 109.49, 300.51, "T", "SMD", "GND", "GND", "R", 31.5, 35.43, 0, 135],
		[38, "C61_2", 70.51, 339.49, "T", "SMD", "VFD-3V3", "", "R", 31.5, 35.43, 0, 135],
		[39, "C62_1", 711.72, 342.1, "T", "SMD", "$1N1318", "", "R", 31.5, 35.43, 0, 0],
		[40, "C62_2", 766.84, 342.1, "T", "SMD", "F1", "", "R", 31.5, 35.43, 0, 0],
		[41, "C63_1", 289.21, 159.23, "T", "SMD", "GND", "GND", "R", 31.5, 35.43, 0, 0],
		[42, "C63_2", 344.33, 159.23, "T", "SMD", "5V", "", "R", 31.5, 35.43, 0, 0],
		[43, "C64_1", 707.44, 180, "T", "SMD", "$1N1319", "", "R", 31.5, 35.43, 0, 0],
		[44, "C64_2", 762.56, 180, "T", "SMD", "F2", "", "R", 31.5, 35.43, 0, 0],
		[45, "C65_1", 927.44, -75, "B", "SMD", "GND", "GND", "R", 31.5, 35.43, 0, 0],
		[46, "C65_2", 982.56, -75, "B", "SMD", "VBAT_LOW", "", "R", 31.5, 35.43, 0, 0],
		[47, "C66_1", 1373.29, -1.02, "B", "SMD", "3V3", "", "R", 31.5, 35.43, 0, 0],
		[48, "C66_2", 1428.41, -1.02, "B", "SMD", "GND", "GND", "R", 31.5, 35.43, 0, 0],
		[49, "C67_1", 622.47, 343.85, "B", "SMD", "GND", "GND", "R", 31.5, 35.43, 0, 0],
		[50, "C67_2", 677.59, 343.85, "B", "SMD", "VBAT", "", "R", 31.5, 35.43, 0, 0],
		[51, "C68_1", 804.33, 343.42, "B", "SMD", "GND", "GND", "R", 31.5, 35.43, 0, 180],
		[52, "C68_2", 749.21, 343.42, "B", "SMD", "VBAT", "", "R", 31.5, 35.43, 0, 180],
		[53, "C69_1", 451.88, 344.14, "B", "SMD", "GND", "GND", "R", 31.5, 35.43, 0, 0],
		[54, "C69_2", 507, 344.14, "B", "SMD", "VBUS", "", "R", 31.5, 35.43, 0, 0],
		[55, "C70_1", 1450, 57.44, "T", "SMD", "GND", "GND", "R", 31.5, 35.43, 0, 90],
		[56, "C70_2", 1450, 112.56, "T", "SMD", "VBUS", "", "R", 31.5, 35.43, 0, 90],
		[57, "C71_1", 238.14, 110.61, "B", "SMD", "BAT-5V", "", "R", 31.5, 35.43, 0, 270],
		[58, "C71_2", 238.14, 55.49, "B", "SMD", "GND", "GND", "R", 31.5, 35.43, 0, 270],
		[59, "C72_1", 180.71, 110.51, "B", "SMD", "BAT-5V", "", "R", 31.5, 35.43, 0, 270],
		[60, "C72_2", 180.71, 55.39, "B", "SMD", "GND", "GND", "R", 31.5, 35.43, 0, 270],
		[61, "C73_1", 125.97, 110.51, "B", "SMD", "BAT-5V", "", "R", 31.5, 35.43, 0, 270],
		[62, "C73_2", 125.97, 55.39, "B", "SMD", "GND", "GND", "R", 31.5, 35.43, 0, 270],
		[63, "C74_1", -945, -152.44, "B", "SMD", "3V3", "", "R", 31.5, 35.43, 0, 270],
		[64, "C74_2", -945, -207.56, "B", "SMD", "GND", "GND", "R", 31.5, 35.43, 0, 270],
		[65, "C75_1", -584.49, 190, "T", "SMD", "GND", "GND", "R", 106.3, 35.83, 0, 0],
		[66, "C75_2", -395.51, 190, "T", "SMD", "VH", "", "R", 106.3, 35.83, 0, 0],
		[67, "C77_1", -188.2, 140.08, "B", "SMD", "GND", "GND", "R", 31.5, 35.43, 0, 90],
		[68, "C77_2", -188.2, 195.2, "B", "SMD", "VFD-5V", "", "R", 31.5, 35.43, 0, 90],
		[69, "C78_1", -410.32, 140.78, "B", "SMD", "GND", "GND", "R", 31.5, 35.43, 0, 90],
		[70, "C78_2", -410.32, 195.9, "B", "SMD", "VFD-3V3", "", "R", 31.5, 35.43, 0, 90],
		[71, "D1_1", -785.64, -196.12, "T", "SMD", "GND", "GND", "R", 78.74, 78.74, 0, 270],
		[72, "D1_2", -785.64, -22.9, "T", "SMD", "$1N1297", "", "R", 78.74, 78.74, 0, 270],
		[73, "D2_1", 895, 261.93, "T", "SMD", "$1N1312", "", "R", 43.31, 66.93, 0, 90],
		[74, "D2_2", 895, 128.07, "T", "SMD", "VH", "", "R", 43.31, 66.93, 0, 90],
		[75, "D3_1", 328.39, 30, "B", "SMD", "BAT-5V", "", "R", 78.74, 78.74, 0, 180],
		[76, "D3_2", 501.61, 30, "B", "SMD", "$3N1362", "", "R", 78.74, 78.74, 0, 180],
		[77, "H1_1", -1470.97, 75.74, "T", "DIP", "SWDIO", "", "R", 66.9, 66.9, 43.3, 270],
		[78, "H1_1", -1470.97, 75.74, "B", "DIP", "SWDIO", "", "R", 66.9, 66.9, 43.3, 270],
		[79, "H1_2", -1470.97, -24.26, "T", "DIP", "SWCLK", "", "C", 66.9, 66.9, 43.3, 270],
		[80, "H1_2", -1470.97, -24.26, "B", "DIP", "SWCLK", "", "C", 66.9, 66.9, 43.3, 270],
		[81, "H1_3", -1470.97, -124.26, "T", "DIP", "GND", "GND", "C", 66.9, 66.9, 43.3, 270],
		[82, "H1_3", -1470.97, -124.26, "B", "DIP", "GND", "GND", "C", 66.9, 66.9, 43.3, 270],
		[83, "H1_4", -1470.97, -224.26, "T", "DIP", "3V3", "", "C", 66.9, 66.9, 43.3, 270],
		[84, "H1_4", -1470.97, -224.26, "B", "DIP", "3V3", "", "C", 66.9, 66.9, 43.3, 270],
		[85, "H2_1", -1325, 25, "T", "DIP", "UART1_TX", "", "R", 66.93, 66.93, 43.31, 270],
		[86, "H2_1", -1325, 25, "B", "DIP", "UART1_TX", "", "R", 66.93, 66.93, 43.31, 270],
		[87, "H2_2", -1325, -75, "T", "DIP", "UART1_RX", "", "C", 66.93, 66.93, 43.31, 270],
		[88, "H2_2", -1325, -75, "B", "DIP", "UART1_RX", "", "C", 66.93, 66.93, 43.31, 270],
		[89, "H2_3", -1325, -175, "T", "DIP", "GND", "GND", "C", 66.93, 66.93, 43.31, 270],
		[90, "H2_3", -1325, -175, "B", "DIP", "GND", "GND", "C", 66.93, 66.93, 43.31, 270],
		[91, "L1_1", 710, 264.06, "B", "SMD", "VBAT", "", "R", 95.43, 134.65, 0, 90],
		[92, "L1_2", 710, 5.94, "B", "SMD", "$3N1362", "", "R", 95.43, 134.65, 0, 90],
		[93, "LED1_1", -1314.41, 326.33, "B", "SMD", "GND", "GND", "R", 59.05, 39.37, 0, 0],
		[94, "LED1_2", -1314.41, 196.41, "B", "SMD", "WS2812", "", "R", 59.05, 39.37, 0, 0],
		[95, "LED1_3", -1507.32, 196.41, "B", "SMD", "WS2812-5V", "", "R", 59.05, 39.37, 0, 0],
		[96, "LED1_4", -1507.32, 326.33, "B", "SMD", "$2N4036", "", "R", 59.05, 39.37, 0, 0],
		[97, "LED2_1", 96.45, 324.96, "B", "SMD", "GND", "GND", "R", 59.05, 39.37, 0, 0],
		[98, "LED2_2", 96.45, 195.04, "B", "SMD", "$2N4036", "", "R", 59.05, 39.37, 0, 0],
		[99, "LED2_3", -96.45, 195.04, "B", "SMD", "WS2812-5V", "", "R", 59.05, 39.37, 0, 0],
		[100, "LED2_4", -96.45, 324.96, "B", "SMD", "$2N4043", "", "R", 59.05, 39.37, 0, 0],
		[101, "LED3_1", 1520.81, 327.05, "B", "SMD", "GND", "GND", "R", 59.05, 39.37, 0, 0],
		[102, "LED3_2", 1520.81, 197.13, "B", "SMD", "$2N4043", "", "R", 59.05, 39.37, 0, 0],
		[103, "LED3_3", 1327.9, 197.13, "B", "SMD", "WS2812-5V", "", "R", 59.05, 39.37, 0, 0],
		[104, "LED3_4", 1327.9, 327.05, "B", "SMD", "LED3_4", "", "R", 59.05, 39.37, 0, 0],
		[105, "Q2_1", 200.63, 292.4, "T", "SMD", "VFD-PWM", "", "R", 49.21, 27.56, 0, 180],
		[106, "Q2_2", 200.63, 217.6, "T", "SMD", "GND", "GND", "R", 49.21, 27.56, 0, 180],
		[107, "Q2_3", 279.37, 255, "T", "SMD", "$1N1408", "", "R", 49.21, 27.56, 0, 180],
		[108, "Q3_1", 461.64, -37.6, "T", "SMD", "BUZZER", "", "R", 40.85, 20.95, 0, 180],
		[109, "Q3_2", 461.64, -112.4, "T", "SMD", "GND", "GND", "R", 40.85, 20.95, 0, 180],
		[110, "Q3_3", 548.36, -75, "T", "SMD", "$2N2590", "", "R", 40.85, 20.95, 0, 180],
		[111, "R16_1", 1453.56, 119.64, "B", "SMD", "GND", "GND", "R", 31.75, 34.02, 0, 270],
		[112, "R16_2", 1453.56, 60.32, "B", "SMD", "$3N723", "", "R", 31.75, 34.02, 0, 270],
		[113, "R17_1", 1510, -165.34, "B", "SMD", "GND", "GND", "R", 31.75, 34.02, 0, 270],
		[114, "R17_2", 1510, -224.66, "B", "SMD", "$3N719", "", "R", 31.75, 34.02, 0, 270],
		[115, "R19_1", -339.66, -53.56, "B", "SMD", "REST", "", "R", 31.75, 34.02, 0, 0],
		[116, "R19_2", -280.34, -53.56, "B", "SMD", "3V3", "", "R", 31.75, 34.02, 0, 0],
		[117, "R20_1", -26.06, -117.6, "B", "SMD", "GND", "GND", "R", 31.75, 34.02, 0, 180],
		[118, "R20_2", -85.38, -117.6, "B", "SMD", "BOOT0", "", "R", 31.75, 34.02, 0, 180],
		[119, "R21_1", -680, 259.66, "B", "SMD", "GND", "GND", "R", 31.75, 34.02, 0, 270],
		[120, "R21_2", -680, 200.34, "B", "SMD", "BOOT1", "", "R", 31.75, 34.02, 0, 270],
		[121, "R22_1", -464.66, 330, "T", "SMD", "$1N1303", "", "R", 31.75, 34.02, 0, 0],
		[122, "R22_2", -405.34, 330, "T", "SMD", "VH", "", "R", 31.75, 34.02, 0, 0],
		[123, "R23_1", -584.66, 330, "T", "SMD", "GND", "GND", "R", 31.75, 34.02, 0, 0],
		[124, "R23_2", -525.34, 330, "T", "SMD", "$1N1303", "", "R", 31.75, 34.02, 0, 0],
		[125, "R24_1", -680, 174.66, "T", "SMD", "$1N1301", "", "R", 31.75, 34.02, 0, 270],
		[126, "R24_2", -680, 115.34, "T", "SMD", "$1N1299", "", "R", 31.75, 34.02, 0, 270],
		[127, "R25_1", -301.46, 245.69, "T", "SMD", "GND", "GND", "R", 31.75, 34.02, 0, 45],
		[128, "R25_2", -259.52, 287.64, "T", "SMD", "$1N1253", "", "R", 31.75, 34.02, 0, 45],
		[129, "R26_1", -825.99, 328.96, "T", "SMD", "$1N1301", "", "R", 31.75, 34.02, 0, 0],
		[130, "R26_2", -766.67, 328.96, "T", "SMD", "$1N1300", "", "R", 31.75, 34.02, 0, 0],
		[131, "R27_1", -714.66, 330, "T", "SMD", "$1N1300", "", "R", 31.75, 34.02, 0, 0],
		[132, "R27_2", -655.34, 330, "T", "SMD", "$1N1303", "", "R", 31.75, 34.02, 0, 0],
		[133, "R28_1", 203.27, 344.01, "T", "SMD", "VFD-PWM", "", "R", 31.75, 34.02, 0, 0],
		[134, "R28_2", 262.59, 344.01, "T", "SMD", "VFD-5V", "", "R", 31.75, 34.02, 0, 0],
		[135, "R29_1", 339.12, 256.14, "T", "SMD", "$1N1408", "", "R", 31.75, 34.02, 0, 90],
		[136, "R29_2", 339.12, 315.46, "T", "SMD", "VFD-5V", "", "R", 31.75, 34.02, 0, 90],
		[137, "R30_1", 826.56, 285.46, "T", "SMD", "$1N1312", "", "R", 31.75, 34.02, 0, 90],
		[138, "R30_2", 826.56, 344.78, "T", "SMD", "F1", "", "R", 31.75, 34.02, 0, 90],
		[139, "R31_1", 715.34, 260, "T", "SMD", "GND", "GND", "R", 31.75, 34.02, 0, 0],
		[140, "R31_2", 774.66, 260, "T", "SMD", "$1N1312", "", "R", 31.75, 34.02, 0, 0],
		[141, "R32_1", 826.22, 178.09, "T", "SMD", "F2", "", "R", 31.75, 34.02, 0, 90],
		[142, "R32_2", 826.22, 237.41, "T", "SMD", "$1N1312", "", "R", 31.75, 34.02, 0, 90],
		[143, "R33_1", 1427.84, -53.99, "B", "SMD", "3V3", "", "R", 31.75, 34.02, 0, 180],
		[144, "R33_2", 1368.52, -53.99, "B", "SMD", "DS_IRQ", "", "R", 31.75, 34.02, 0, 180],
		[145, "R34_1", 1123.49, 106.56, "B", "SMD", "SCL", "", "R", 31.75, 34.02, 0, 180],
		[146, "R34_2", 1064.17, 106.56, "B", "SMD", "3V3", "", "R", 31.75, 34.02, 0, 180],
		[147, "R35_1", 980, -4.66, "B", "SMD", "SDA", "", "R", 31.75, 34.02, 0, 90],
		[148, "R35_2", 980, 54.66, "B", "SMD", "3V3", "", "R", 31.75, 34.02, 0, 90],
		[149, "R36_1", -1435.34, 285, "T", "SMD", "BAT_VOL_DET", "", "R", 31.75, 34.02, 0, 180],
		[150, "R36_2", -1494.66, 285, "T", "SMD", "VBAT", "", "R", 31.75, 34.02, 0, 180],
		[151, "R37_1", -1493.98, 230, "T", "SMD", "GND", "GND", "R", 31.75, 34.02, 0, 0],
		[152, "R37_2", -1434.66, 230, "T", "SMD", "BAT_VOL_DET", "", "R", 31.75, 34.02, 0, 0],
		[153, "R38_1", 179.91, 225.7, "B", "SMD", "GND", "GND", "R", 31.75, 34.02, 0, 0],
		[154, "R38_2", 239.23, 225.7, "B", "SMD", "$3N920", "", "R", 31.75, 34.02, 0, 0],
		[155, "R39_1", 552.53, 106.2, "T", "SMD", "VFD_POWER", "", "R", 31.75, 34.02, 0, 270],
		[156, "R39_2", 552.53, 46.88, "T", "SMD", "5V", "", "R", 31.75, 34.02, 0, 270],
		[157, "R40_1", 395.34, -65, "B", "SMD", "DHT11_POWER", "", "R", 31.75, 34.02, 0, 0],
		[158, "R40_2", 454.66, -65, "B", "SMD", "5V", "", "R", 31.75, 34.02, 0, 0],
		[159, "R41_1", -69.15, 4.41, "B", "SMD", "WS2812_POWER", "", "R", 31.75, 34.02, 0, 180],
		[160, "R41_2", -128.47, 4.41, "B", "SMD", "5V", "", "R", 31.75, 34.02, 0, 180],
		[161, "R42_1", -1640.85, -174.67, "T", "SMD", "ITR_RX", "", "R", 31.75, 34.02, 0, 0],
		[162, "R42_2", -1581.53, -174.67, "T", "SMD", "5V", "", "R", 31.75, 34.02, 0, 0],
		[163, "R43_1", 1324.88, 125.44, "B", "SMD", "3V3", "", "R", 31.75, 34.02, 0, 0],
		[164, "R43_2", 1384.2, 125.44, "B", "SMD", "STM32_USB_DP", "", "R", 31.75, 34.02, 0, 0],
		[165, "RST0_1", -195.62, -202.33, "B", "SMD", "GND", "GND", "R", 60.24, 53.54, 0, 180],
		[166, "RST0_2", -355.86, -202.33, "B", "SMD", "REST", "", "R", 60.24, 53.54, 0, 180],
		[167, "SW1_1", 1026.42, 234.21, "T", "DIP", "GND", "GND", "C", 70.87, 70.87, 47.24, 0],
		[168, "SW1_1", 1026.42, 234.21, "B", "DIP", "GND", "GND", "C", 70.87, 70.87, 47.24, 0],
		[169, "SW1_2", 1203.58, 234.21, "T", "DIP", "B1", "", "C", 70.87, 70.87, 47.24, 0],
		[170, "SW1_2", 1203.58, 234.21, "B", "DIP", "B1", "", "C", 70.87, 70.87, 47.24, 0],
		[171, "SW1_3", 981.14, 135.79, "T", "DIP", "GND", "GND", "C", 78.74, 78.74, 59.06, 0],
		[172, "SW1_3", 981.14, 135.79, "B", "DIP", "GND", "GND", "C", 78.74, 78.74, 59.06, 0],
		[173, "SW1_3", 1248.86, 135.79, "T", "DIP", "GND", "GND", "C", 78.74, 78.74, 59.06, 0],
		[174, "SW1_3", 1248.86, 135.79, "B", "DIP", "GND", "GND", "C", 78.74, 78.74, 59.06, 0],
		[175, "SW2_1", -1208.58, 234.21, "T", "DIP", "GND", "GND", "C", 70.87, 70.87, 47.24, 0],
		[176, "SW2_1", -1208.58, 234.21, "B", "DIP", "GND", "GND", "C", 70.87, 70.87, 47.24, 0],
		[177, "SW2_2", -1031.42, 234.21, "T", "DIP", "B2", "", "C", 70.87, 70.87, 47.24, 0],
		[178, "SW2_2", -1031.42, 234.21, "B", "DIP", "B2", "", "C", 70.87, 70.87, 47.24, 0],
		[179, "SW2_3", -1253.86, 135.79, "T", "DIP", "GND", "GND", "C", 78.74, 78.74, 59.06, 0],
		[180, "SW2_3", -1253.86, 135.79, "B", "DIP", "GND", "GND", "C", 78.74, 78.74, 59.06, 0],
		[181, "SW2_3", -986.14, 135.79, "T", "DIP", "GND", "GND", "C", 78.74, 78.74, 59.06, 0],
		[182, "SW2_3", -986.14, 135.79, "B", "DIP", "GND", "GND", "C", 78.74, 78.74, 59.06, 0],
		[183, "SW5_1", 1352.48, -230, "T", "DIP", "BAT-5V", "", "C", 60, 60, 36, 180],
		[184, "SW5_1", 1352.48, -230, "B", "DIP", "BAT-5V", "", "C", 60, 60, 36, 180],
		[185, "SW5_3", 1195, -230, "T", "DIP", "5V", "", "C", 60, 60, 36, 180],
		[186, "SW5_3", 1195, -230, "B", "DIP", "5V", "", "C", 60, 60, 36, 180],
		[187, "SW5_4", 1116.26, -230, "T", "DIP", "5V", "", "C", 60, 60, 36, 180],
		[188, "SW5_4", 1116.26, -230, "B", "DIP", "5V", "", "C", 60, 60, 36, 180],
		[189, "SW5_5", 1037.52, -230, "T", "DIP", "VBUS", "", "C", 60, 60, 36, 180],
		[190, "SW5_5", 1037.52, -230, "B", "DIP", "VBUS", "", "C", 60, 60, 36, 180],
		[191, "SW5_6", 952.87, -230, "T", "DIP", "GND", "GND", "O", 55.12, 86.61, 62.99, 180],
		[192, "SW5_6", 952.87, -230, "B", "DIP", "GND", "GND", "O", 55.12, 86.61, 62.99, 180],
		[193, "SW5_7", 1437.13, -230, "T", "DIP", "GND", "GND", "O", 55.12, 86.61, 62.99, 180],
		[194, "SW5_7", 1437.13, -230, "B", "DIP", "GND", "GND", "O", 55.12, 86.61, 62.99, 180],
		[195, "U6_1", -878, -143.27, "B", "SMD", "3V3", "", "O", 10.63, 59.05, 0, 90],
		[196, "U6_2", -878, -123.58, "B", "SMD", "U6_2", "", "O", 10.63, 59.05, 0, 90],
		[197, "U6_3", -878, -103.9, "B", "SMD", "32K", "", "O", 10.63, 59.05, 0, 90],
		[198, "U6_4", -878, -84.21, "B", "SMD", "U6_4", "", "O", 10.63, 59.05, 0, 90],
		[199, "U6_5", -878, -64.53, "B", "SMD", "OSC_IN", "", "O", 10.63, 59.05, 0, 90],
		[200, "U6_6", -878, -44.84, "B", "SMD", "OSC_OUT", "", "O", 10.63, 59.05, 0, 90],
		[201, "U6_7", -878, -25.16, "B", "SMD", "REST", "", "O", 10.63, 59.05, 0, 90],
		[202, "U6_8", -878, -5.47, "B", "SMD", "GND", "GND", "O", 10.63, 59.05, 0, 90],
		[203, "U6_9", -878, 14.21, "B", "SMD", "3V3", "", "O", 10.63, 59.05, 0, 90],
		[204, "U6_10", -878, 33.9, "B", "SMD", "B1", "", "O", 10.63, 59.05, 0, 90],
		[205, "U6_11", -878, 53.58, "B", "SMD", "BAT_VOL_DET", "", "O", 10.63, 59.05, 0, 90],
		[206, "U6_12", -878, 73.27, "B", "SMD", "BUZZER", "", "O", 10.63, 59.05, 0, 90],
		[207, "U6_13", -818.95, 132.32, "B", "SMD", "WS2812_POWER", "", "O", 59.05, 10.63, 0, 90],
		[208, "U6_14", -799.26, 132.32, "B", "SMD", "STB", "", "O", 59.05, 10.63, 0, 90],
		[209, "U6_15", -779.58, 132.32, "B", "SMD", "CLK", "", "O", 59.05, 10.63, 0, 90],
		[210, "U6_16", -759.89, 132.32, "B", "SMD", "U6_16", "", "O", 59.05, 10.63, 0, 90],
		[211, "U6_17", -740.21, 132.32, "B", "SMD", "DIN", "", "O", 59.05, 10.63, 0, 90],
		[212, "U6_18", -720.52, 132.32, "B", "SMD", "WS2812", "", "O", 59.05, 10.63, 0, 90],
		[213, "U6_19", -700.84, 132.32, "B", "SMD", "ITR_RX", "", "O", 59.05, 10.63, 0, 90],
		[214, "U6_20", -681.15, 132.32, "B", "SMD", "BOOT1", "", "O", 59.05, 10.63, 0, 90],
		[215, "U6_21", -661.47, 132.32, "B", "SMD", "VFD_POWER", "", "O", 59.05, 10.63, 0, 90],
		[216, "U6_22", -641.78, 132.32, "B", "SMD", "DHT11_POWER", "", "O", 59.05, 10.63, 0, 90],
		[217, "U6_23", -622.1, 132.32, "B", "SMD", "GND", "GND", "O", 59.05, 10.63, 0, 90],
		[218, "U6_24", -602.41, 132.32, "B", "SMD", "3V3", "", "O", 59.05, 10.63, 0, 90],
		[219, "U6_25", -543.36, 73.27, "B", "SMD", "B2", "", "O", 10.63, 59.05, 0, 90],
		[220, "U6_26", -543.36, 53.58, "B", "SMD", "ITR_TX", "", "O", 10.63, 59.05, 0, 90],
		[221, "U6_27", -543.36, 33.9, "B", "SMD", "U6_27", "", "O", 10.63, 59.05, 0, 90],
		[222, "U6_28", -543.36, 14.21, "B", "SMD", "DHT11", "", "O", 10.63, 59.05, 0, 90],
		[223, "U6_29", -543.36, -5.47, "B", "SMD", "VFD-PWM", "", "O", 10.63, 59.05, 0, 90],
		[224, "U6_30", -543.36, -25.16, "B", "SMD", "UART1_TX", "", "O", 10.63, 59.05, 0, 90],
		[225, "U6_31", -543.36, -44.84, "B", "SMD", "UART1_RX", "", "O", 10.63, 59.05, 0, 90],
		[226, "U6_32", -543.36, -64.53, "B", "SMD", "STM32_USB_DN", "", "O", 10.63, 59.05, 0, 90],
		[227, "U6_33", -543.36, -84.21, "B", "SMD", "STM32_USB_DP", "", "O", 10.63, 59.05, 0, 90],
		[228, "U6_34", -543.36, -103.9, "B", "SMD", "SWDIO", "", "O", 10.63, 59.05, 0, 90],
		[229, "U6_35", -543.36, -123.58, "B", "SMD", "GND", "GND", "O", 10.63, 59.05, 0, 90],
		[230, "U6_36", -543.36, -143.27, "B", "SMD", "3V3", "", "O", 10.63, 59.05, 0, 90],
		[231, "U6_37", -602.41, -202.32, "B", "SMD", "SWCLK", "", "O", 59.05, 10.63, 0, 90],
		[232, "U6_38", -622.1, -202.32, "B", "SMD", "U6_38", "", "O", 59.05, 10.63, 0, 90],
		[233, "U6_39", -641.78, -202.32, "B", "SMD", "BAT_FULL", "", "O", 59.05, 10.63, 0, 90],
		[234, "U6_40", -661.47, -202.32, "B", "SMD", "BAT_CHRG", "", "O", 59.05, 10.63, 0, 90],
		[235, "U6_41", -681.15, -202.32, "B", "SMD", "DS_IRQ", "", "O", 59.05, 10.63, 0, 90],
		[236, "U6_42", -700.84, -202.32, "B", "SMD", "SCL", "", "O", 59.05, 10.63, 0, 90],
		[237, "U6_43", -720.52, -202.32, "B", "SMD", "SDA", "", "O", 59.05, 10.63, 0, 90],
		[238, "U6_44", -740.21, -202.32, "B", "SMD", "BOOT0", "", "O", 59.05, 10.63, 0, 90],
		[239, "U6_45", -759.89, -202.32, "B", "SMD", "DS_RST", "", "O", 59.05, 10.63, 0, 90],
		[240, "U6_46", -779.58, -202.32, "B", "SMD", "U6_46", "", "O", 59.05, 10.63, 0, 90],
		[241, "U6_47", -799.26, -202.32, "B", "SMD", "GND", "GND", "O", 59.05, 10.63, 0, 90],
		[242, "U6_48", -818.95, -202.32, "B", "SMD", "3V3", "", "O", 59.05, 10.63, 0, 90],
		[243, "U7_1", 1083.6, 24.99, "T", "SMD", "GND", "GND", "R", 42.13, 23.62, 0, 180],
		[244, "U7_2", 1083.6, -49.81, "T", "SMD", "3V3", "", "R", 42.13, 23.62, 0, 180],
		[245, "U7_3", 1180.85, -12.41, "T", "SMD", "5V", "", "R", 42.13, 23.62, 0, 180],
		[246, "U8_1", -1218.11, -65, "T", "SMD", "VFD-5V", "", "R", 94.49, 125.98, 0, 0],
		[247, "U8_2", -981.89, -65, "T", "SMD", "$1N1296", "", "R", 94.49, 125.98, 0, 0],
		[248, "U9_1", -678.11, -55, "T", "SMD", "$1N1297", "", "R", 94.49, 125.98, 0, 0],
		[249, "U9_2", -441.89, -55, "T", "SMD", "VH", "", "R", 94.49, 125.98, 0, 0],
		[250, "U10_1", -734.76, 62.6, "T", "SMD", "$1N1296", "", "R", 20.95, 42.2, 0, 90],
		[251, "U10_2", -734.76, 100, "T", "SMD", "GND", "GND", "R", 20.95, 42.2, 0, 90],
		[252, "U10_3", -734.76, 137.4, "T", "SMD", "$1N1299", "", "R", 20.95, 42.2, 0, 90],
		[253, "U10_4", -825.24, 137.4, "T", "SMD", "VFD-5V", "", "R", 20.95, 42.2, 0, 90],
		[254, "U10_5", -825.24, 100, "T", "SMD", "VFD-5V", "", "R", 20.95, 42.2, 0, 90],
		[255, "U10_6", -825.24, 62.6, "T", "SMD", "U10_6", "", "R", 20.95, 42.2, 0, 90],
		[256, "U11_1", -117.33, 315.04, "T", "SMD", "U11_1", "", "O", 21.65, 55.12, 0, 45],
		[257, "U11_2", -139.6, 292.77, "T", "SMD", "U11_2", "", "O", 21.65, 55.12, 0, 45],
		[258, "U11_3", -161.87, 270.49, "T", "SMD", "U11_3", "", "O", 21.65, 55.12, 0, 45],
		[259, "U11_4", -184.14, 248.22, "T", "SMD", "U11_4", "", "O", 21.65, 55.12, 0, 45],
		[260, "U11_5", -206.41, 225.95, "T", "SMD", "$1N1253", "", "O", 21.65, 55.12, 0, 45],
		[261, "U11_6", -228.68, 203.68, "T", "SMD", "U11_6", "", "O", 21.65, 55.12, 0, 45],
		[262, "U11_7", -250.95, 181.41, "T", "SMD", "DIN", "", "O", 21.65, 55.12, 0, 45],
		[263, "U11_8", -273.22, 159.14, "T", "SMD", "CLK", "", "O", 21.65, 55.12, 0, 45],
		[264, "U11_9", -295.49, 136.87, "T", "SMD", "STB", "", "O", 21.65, 55.12, 0, 45],
		[265, "U11_10", -317.77, 114.6, "T", "SMD", "U11_10", "", "O", 21.65, 55.12, 0, 45],
		[266, "U11_11", -340.04, 92.33, "T", "SMD", "U11_11", "", "O", 21.65, 55.12, 0, 45],
		[267, "U11_12", -340.04, -2.33, "T", "SMD", "GND", "GND", "O", 21.65, 55.12, 0, 315],
		[268, "U11_13", -317.77, -24.6, "T", "SMD", "VFD-3V3", "", "O", 21.65, 55.12, 0, 315],
		[269, "U11_14", -295.49, -46.87, "T", "SMD", "P1", "", "O", 21.65, 55.12, 0, 315],
		[270, "U11_15", -273.22, -69.14, "T", "SMD", "P2", "", "O", 21.65, 55.12, 0, 315],
		[271, "U11_16", -250.95, -91.41, "T", "SMD", "P3", "", "O", 21.65, 55.12, 0, 315],
		[272, "U11_17", -228.68, -113.68, "T", "SMD", "P4", "", "O", 21.65, 55.12, 0, 315],
		[273, "U11_18", -206.41, -135.95, "T", "SMD", "P5", "", "O", 21.65, 55.12, 0, 315],
		[274, "U11_19", -184.14, -158.22, "T", "SMD", "P6", "", "O", 21.65, 55.12, 0, 315],
		[275, "U11_20", -161.87, -180.49, "T", "SMD", "P7", "", "O", 21.65, 55.12, 0, 315],
		[276, "U11_21", -139.6, -202.77, "T", "SMD", "P8", "", "O", 21.65, 55.12, 0, 315],
		[277, "U11_22", -117.33, -225.04, "T", "SMD", "P9", "", "O", 21.65, 55.12, 0, 315],
		[278, "U11_23", -22.67, -225.04, "T", "SMD", "P10", "", "O", 21.65, 55.12, 0, 45],
		[279, "U11_24", -0.4, -202.77, "T", "SMD", "P11", "", "O", 21.65, 55.12, 0, 45],
		[280, "U11_25", 21.87, -180.49, "T", "SMD", "P12", "", "O", 21.65, 55.12, 0, 45],
		[281, "U11_26", 44.14, -158.22, "T", "SMD", "P13", "", "O", 21.65, 55.12, 0, 45],
		[282, "U11_27", 66.41, -135.95, "T", "SMD", "P14", "", "O", 21.65, 55.12, 0, 45],
		[283, "U11_28", 88.68, -113.68, "T", "SMD", "P15", "", "O", 21.65, 55.12, 0, 45],
		[284, "U11_29", 110.95, -91.41, "T", "SMD", "P16", "", "O", 21.65, 55.12, 0, 45],
		[285, "U11_30", 133.22, -69.14, "T", "SMD", "VH", "", "O", 21.65, 55.12, 0, 45],
		[286, "U11_31", 155.49, -46.87, "T", "SMD", "P17", "", "O", 21.65, 55.12, 0, 45],
		[287, "U11_32", 177.77, -24.6, "T", "SMD", "P18", "", "O", 21.65, 55.12, 0, 45],
		[288, "U11_33", 200.04, -2.33, "T", "SMD", "P19", "", "O", 21.65, 55.12, 0, 45],
		[289, "U11_34", 200.04, 92.33, "T", "SMD", "P20", "", "O", 21.65, 55.12, 0, 315],
		[290, "U11_35", 177.77, 114.6, "T", "SMD", "P21", "", "O", 21.65, 55.12, 0, 315],
		[291, "U11_36", 155.49, 136.87, "T", "SMD", "G7", "", "O", 21.65, 55.12, 0, 315],
		[292, "U11_37", 133.22, 159.14, "T", "SMD", "G6", "", "O", 21.65, 55.12, 0, 315],
		[293, "U11_38", 110.95, 181.41, "T", "SMD", "G5", "", "O", 21.65, 55.12, 0, 315],
		[294, "U11_39", 88.68, 203.68, "T", "SMD", "G4", "", "O", 21.65, 55.12, 0, 315],
		[295, "U11_40", 66.41, 225.95, "T", "SMD", "G3", "", "O", 21.65, 55.12, 0, 315],
		[296, "U11_41", 44.14, 248.22, "T", "SMD", "G2", "", "O", 21.65, 55.12, 0, 315],
		[297, "U11_42", 21.87, 270.49, "T", "SMD", "G1", "", "O", 21.65, 55.12, 0, 315],
		[298, "U11_43", -0.4, 292.77, "T", "SMD", "VFD-3V3", "", "O", 21.65, 55.12, 0, 315],
		[299, "U11_44", -22.67, 315.04, "T", "SMD", "GND", "GND", "O", 21.65, 55.12, 0, 315],
		[300, "U12_1", -736.69, 197.61, "T", "SMD", "GND", "GND", "R", 23.62, 39.37, 0, 90],
		[301, "U12_2", -736.69, 235, "T", "SMD", "GND", "GND", "R", 23.62, 39.37, 0, 90],
		[302, "U12_3", -736.69, 272.39, "T", "SMD", "$1N1300", "", "R", 23.62, 39.37, 0, 90],
		[303, "U12_4", -823.31, 272.41, "T", "SMD", "$1N1301", "", "R", 23.62, 39.37, 0, 90],
		[304, "U12_5", -823.31, 197.59, "T", "SMD", "VFD-5V", "", "R", 23.62, 39.37, 0, 90],
		[305, "U13_1", 418.06, 335.46, "T", "SMD", "U13_1", "", "O", 24.8, 73.42, 0, 270],
		[306, "U13_2", 418.06, 285.46, "T", "SMD", "VFD-PWM", "", "O", 24.8, 73.42, 0, 270],
		[307, "U13_3", 418.06, 235.46, "T", "SMD", "$1N1408", "", "O", 24.8, 73.42, 0, 270],
		[308, "U13_4", 418.06, 185.46, "T", "SMD", "5V", "", "O", 24.8, 73.42, 0, 270],
		[309, "U13_5", 629.28, 185.46, "T", "SMD", "$1N1319", "", "O", 24.8, 73.42, 0, 270],
		[310, "U13_6", 629.28, 235.46, "T", "SMD", "GND", "GND", "O", 24.8, 73.42, 0, 270],
		[311, "U13_7", 629.28, 285.46, "T", "SMD", "GND", "GND", "O", 24.8, 73.42, 0, 270],
		[312, "U13_8", 629.28, 335.46, "T", "SMD", "$1N1318", "", "O", 24.8, 73.42, 0, 270],
		[313, "U14_1", -1249.7, -336.65, "T", "DIP", "F1", "", "C", 39.37, 39.37, 27.56, 180],
		[314, "U14_1", -1249.7, -336.65, "B", "DIP", "F1", "", "C", 39.37, 39.37, 27.56, 180],
		[315, "U14_2", -1178.83, -336.65, "T", "DIP", "F1", "", "C", 39.37, 39.37, 27.56, 180],
		[316, "U14_2", -1178.83, -336.65, "B", "DIP", "F1", "", "C", 39.37, 39.37, 27.56, 180],
		[317, "U14_3", -978.05, -336.65, "T", "DIP", "P1", "", "C", 39.37, 39.37, 27.56, 180],
		[318, "U14_3", -978.05, -336.65, "B", "DIP", "P1", "", "C", 39.37, 39.37, 27.56, 180],
		[319, "U14_4", -907.18, -336.65, "T", "DIP", "P2", "", "C", 39.37, 39.37, 27.56, 180],
		[320, "U14_4", -907.18, -336.65, "B", "DIP", "P2", "", "C", 39.37, 39.37, 27.56, 180],
		[321, "U14_5", -836.31, -336.65, "T", "DIP", "P3", "", "C", 39.37, 39.37, 27.56, 180],
		[322, "U14_5", -836.31, -336.65, "B", "DIP", "P3", "", "C", 39.37, 39.37, 27.56, 180],
		[323, "U14_6", -765.45, -336.65, "T", "DIP", "P4", "", "C", 39.37, 39.37, 27.56, 180],
		[324, "U14_6", -765.45, -336.65, "B", "DIP", "P4", "", "C", 39.37, 39.37, 27.56, 180],
		[325, "U14_7", -694.58, -336.65, "T", "DIP", "P5", "", "C", 39.37, 39.37, 27.56, 180],
		[326, "U14_7", -694.58, -336.65, "B", "DIP", "P5", "", "C", 39.37, 39.37, 27.56, 180],
		[327, "U14_8", -623.72, -336.65, "T", "DIP", "G2", "", "C", 39.37, 39.37, 27.56, 180],
		[328, "U14_8", -623.72, -336.65, "B", "DIP", "G2", "", "C", 39.37, 39.37, 27.56, 180],
		[329, "U14_9", -552.85, -336.65, "T", "DIP", "P6", "", "C", 39.37, 39.37, 27.56, 180],
		[330, "U14_9", -552.85, -336.65, "B", "DIP", "P6", "", "C", 39.37, 39.37, 27.56, 180],
		[331, "U14_10", -481.98, -336.65, "T", "DIP", "P7", "", "C", 39.37, 39.37, 27.56, 180],
		[332, "U14_10", -481.98, -336.65, "B", "DIP", "P7", "", "C", 39.37, 39.37, 27.56, 180],
		[333, "U14_11", -411.12, -336.65, "T", "DIP", "G3", "", "C", 39.37, 39.37, 27.56, 180],
		[334, "U14_11", -411.12, -336.65, "B", "DIP", "G3", "", "C", 39.37, 39.37, 27.56, 180],
		[335, "U14_12", -340.25, -336.65, "T", "DIP", "P8", "", "C", 39.37, 39.37, 27.56, 180],
		[336, "U14_12", -340.25, -336.65, "B", "DIP", "P8", "", "C", 39.37, 39.37, 27.56, 180],
		[337, "U14_13", -269.39, -336.65, "T", "DIP", "P9", "", "C", 39.37, 39.37, 27.56, 180],
		[338, "U14_13", -269.39, -336.65, "B", "DIP", "P9", "", "C", 39.37, 39.37, 27.56, 180],
		[339, "U14_14", -198.52, -336.65, "T", "DIP", "P10", "", "C", 39.37, 39.37, 27.56, 180],
		[340, "U14_14", -198.52, -336.65, "B", "DIP", "P10", "", "C", 39.37, 39.37, 27.56, 180],
		[341, "U14_15", -127.65, -336.65, "T", "DIP", "G4", "", "C", 39.37, 39.37, 27.56, 180],
		[342, "U14_15", -127.65, -336.65, "B", "DIP", "G4", "", "C", 39.37, 39.37, 27.56, 180],
		[343, "U14_16", -56.79, -336.65, "T", "DIP", "P11", "", "C", 39.37, 39.37, 27.56, 180],
		[344, "U14_16", -56.79, -336.65, "B", "DIP", "P11", "", "C", 39.37, 39.37, 27.56, 180],
		[345, "U14_17", 14.08, -336.65, "T", "DIP", "P12", "", "C", 39.37, 39.37, 27.56, 180],
		[346, "U14_17", 14.08, -336.65, "B", "DIP", "P12", "", "C", 39.37, 39.37, 27.56, 180],
		[347, "U14_18", 84.94, -336.65, "T", "DIP", "P13", "", "C", 39.37, 39.37, 27.56, 180],
		[348, "U14_18", 84.94, -336.65, "B", "DIP", "P13", "", "C", 39.37, 39.37, 27.56, 180],
		[349, "U14_19", 220.77, -336.65, "T", "DIP", "G5", "", "C", 39.37, 39.37, 27.56, 180],
		[350, "U14_19", 220.77, -336.65, "B", "DIP", "G5", "", "C", 39.37, 39.37, 27.56, 180],
		[351, "U14_20", 291.64, -336.65, "T", "DIP", "P14", "", "C", 39.37, 39.37, 27.56, 180],
		[352, "U14_20", 291.64, -336.65, "B", "DIP", "P14", "", "C", 39.37, 39.37, 27.56, 180],
		[353, "U14_21", 362.5, -336.65, "T", "DIP", "P15", "", "C", 39.37, 39.37, 27.56, 180],
		[354, "U14_21", 362.5, -336.65, "B", "DIP", "P15", "", "C", 39.37, 39.37, 27.56, 180],
		[355, "U14_22", 433.37, -336.65, "T", "DIP", "P16", "", "C", 39.37, 39.37, 27.56, 180],
		[356, "U14_22", 433.37, -336.65, "B", "DIP", "P16", "", "C", 39.37, 39.37, 27.56, 180],
		[357, "U14_23", 504.24, -336.65, "T", "DIP", "G6", "", "C", 39.37, 39.37, 27.56, 180],
		[358, "U14_23", 504.24, -336.65, "B", "DIP", "G6", "", "C", 39.37, 39.37, 27.56, 180],
		[359, "U14_24", 575.1, -336.65, "T", "DIP", "P17", "", "C", 39.37, 39.37, 27.56, 180],
		[360, "U14_24", 575.1, -336.65, "B", "DIP", "P17", "", "C", 39.37, 39.37, 27.56, 180],
		[361, "U14_25", 645.97, -336.65, "T", "DIP", "P18", "", "C", 39.37, 39.37, 27.56, 180],
		[362, "U14_25", 645.97, -336.65, "B", "DIP", "P18", "", "C", 39.37, 39.37, 27.56, 180],
		[363, "U14_26", 716.83, -336.65, "T", "DIP", "G7", "", "C", 39.37, 39.37, 27.56, 180],
		[364, "U14_26", 716.83, -336.65, "B", "DIP", "G7", "", "C", 39.37, 39.37, 27.56, 180],
		[365, "U14_27", 787.7, -336.65, "T", "DIP", "P19", "", "C", 39.37, 39.37, 27.56, 180],
		[366, "U14_27", 787.7, -336.65, "B", "DIP", "P19", "", "C", 39.37, 39.37, 27.56, 180],
		[367, "U14_28", 858.57, -336.65, "T", "DIP", "P20", "", "C", 39.37, 39.37, 27.56, 180],
		[368, "U14_28", 858.57, -336.65, "B", "DIP", "P20", "", "C", 39.37, 39.37, 27.56, 180],
		[369, "U14_29", 929.43, -336.65, "T", "DIP", "P21", "", "C", 39.37, 39.37, 27.56, 180],
		[370, "U14_29", 929.43, -336.65, "B", "DIP", "P21", "", "C", 39.37, 39.37, 27.56, 180],
		[371, "U14_30", 1000.3, -336.65, "T", "DIP", "G1", "", "C", 39.37, 39.37, 27.56, 180],
		[372, "U14_30", 1000.3, -336.65, "B", "DIP", "G1", "", "C", 39.37, 39.37, 27.56, 180],
		[373, "U14_31", 1201.09, -336.65, "T", "DIP", "F2", "", "C", 39.37, 39.37, 27.56, 180],
		[374, "U14_31", 1201.09, -336.65, "B", "DIP", "F2", "", "C", 39.37, 39.37, 27.56, 180],
		[375, "U14_32", 1271.95, -336.65, "T", "DIP", "F2", "", "C", 39.37, 39.37, 27.56, 180],
		[376, "U14_32", 1271.95, -336.65, "B", "DIP", "F2", "", "C", 39.37, 39.37, 27.56, 180],
		[377, "U15_13", 1688.88, 101.86, "T", "DIP", "GND", "GND", "O", 39.37, 66.93, 51.18, 0],
		[378, "U15_13", 1688.88, 101.86, "B", "DIP", "GND", "GND", "O", 39.37, 66.93, 51.18, 0],
		[379, "U15_13", 1688.88, -94.99, "T", "DIP", "GND", "GND", "O", 39.37, 66.93, 51.18, 0],
		[380, "U15_13", 1688.88, -94.99, "B", "DIP", "GND", "GND", "O", 39.37, 66.93, 51.18, 0],
		[381, "U15_13", 1519.59, 101.86, "T", "DIP", "GND", "GND", "O", 39.37, 66.93, 51.18, 0],
		[382, "U15_13", 1519.59, 101.86, "B", "DIP", "GND", "GND", "O", 39.37, 66.93, 51.18, 0],
		[383, "U15_13", 1519.59, -94.99, "T", "DIP", "GND", "GND", "O", 39.37, 66.93, 51.18, 0],
		[384, "U15_13", 1519.59, -94.99, "B", "DIP", "GND", "GND", "O", 39.37, 66.93, 51.18, 0],
		[385, "U15_A1", 1630.81, -148.13, "T", "DIP", "GND", "GND", "C", 35.43, 35.43, 19.69, 0],
		[386, "U15_A1", 1630.81, -148.13, "B", "DIP", "GND", "GND", "C", 35.43, 35.43, 19.69, 0],
		[387, "U15_A12", 1630.81, 155.01, "T", "DIP", "GND", "GND", "C", 35.43, 35.43, 19.69, 0],
		[388, "U15_A12", 1630.81, 155.01, "B", "DIP", "GND", "GND", "C", 35.43, 35.43, 19.69, 0],
		[389, "U15_A4", 1630.81, -104.83, "T", "DIP", "VBUS", "", "C", 35.43, 35.43, 19.69, 0],
		[390, "U15_A4", 1630.81, -104.83, "B", "DIP", "VBUS", "", "C", 35.43, 35.43, 19.69, 0],
		[391, "U15_A5", 1630.81, -61.52, "T", "DIP", "$3N719", "", "C", 35.43, 35.43, 19.69, 0],
		[392, "U15_A5", 1630.81, -61.52, "B", "DIP", "$3N719", "", "C", 35.43, 35.43, 19.69, 0],
		[393, "U15_A6", 1630.81, -18.21, "T", "DIP", "STM32_USB_DP", "", "C", 35.43, 35.43, 19.69, 0],
		[394, "U15_A6", 1630.81, -18.21, "B", "DIP", "STM32_USB_DP", "", "C", 35.43, 35.43, 19.69, 0],
		[395, "U15_A7", 1630.81, 25.09, "T", "DIP", "STM32_USB_DN", "", "C", 35.43, 35.43, 19.69, 0],
		[396, "U15_A7", 1630.81, 25.09, "B", "DIP", "STM32_USB_DN", "", "C", 35.43, 35.43, 19.69, 0],
		[397, "U15_A8", 1630.81, 68.4, "T", "DIP", "U15_A8", "", "C", 35.43, 35.43, 19.69, 0],
		[398, "U15_A8", 1630.81, 68.4, "B", "DIP", "U15_A8", "", "C", 35.43, 35.43, 19.69, 0],
		[399, "U15_A9", 1630.81, 111.71, "T", "DIP", "VBUS", "", "C", 35.43, 35.43, 19.69, 0],
		[400, "U15_A9", 1630.81, 111.71, "B", "DIP", "VBUS", "", "C", 35.43, 35.43, 19.69, 0],
		[401, "U15_B1", 1577.66, 155.01, "T", "DIP", "GND", "GND", "C", 35.43, 35.43, 19.69, 0],
		[402, "U15_B1", 1577.66, 155.01, "B", "DIP", "GND", "GND", "C", 35.43, 35.43, 19.69, 0],
		[403, "U15_B12", 1577.66, -148.13, "T", "DIP", "GND", "GND", "C", 35.43, 35.43, 19.69, 0],
		[404, "U15_B12", 1577.66, -148.13, "B", "DIP", "GND", "GND", "C", 35.43, 35.43, 19.69, 0],
		[405, "U15_B4", 1577.66, 111.71, "T", "DIP", "VBUS", "", "C", 35.43, 35.43, 19.69, 0],
		[406, "U15_B4", 1577.66, 111.71, "B", "DIP", "VBUS", "", "C", 35.43, 35.43, 19.69, 0],
		[407, "U15_B5", 1577.66, 68.4, "T", "DIP", "$3N723", "", "C", 35.43, 35.43, 19.69, 0],
		[408, "U15_B5", 1577.66, 68.4, "B", "DIP", "$3N723", "", "C", 35.43, 35.43, 19.69, 0],
		[409, "U15_B6", 1577.66, 25.09, "T", "DIP", "STM32_USB_DP", "", "C", 35.43, 35.43, 19.69, 0],
		[410, "U15_B6", 1577.66, 25.09, "B", "DIP", "STM32_USB_DP", "", "C", 35.43, 35.43, 19.69, 0],
		[411, "U15_B7", 1577.66, -18.22, "T", "DIP", "STM32_USB_DN", "", "C", 35.43, 35.43, 19.69, 0],
		[412, "U15_B7", 1577.66, -18.22, "B", "DIP", "STM32_USB_DN", "", "C", 35.43, 35.43, 19.69, 0],
		[413, "U15_B8", 1577.66, -61.52, "T", "DIP", "U15_B8", "", "C", 35.43, 35.43, 19.69, 0],
		[414, "U15_B8", 1577.66, -61.52, "B", "DIP", "U15_B8", "", "C", 35.43, 35.43, 19.69, 0],
		[415, "U15_B9", 1577.66, -104.83, "T", "DIP", "VBUS", "", "C", 35.43, 35.43, 19.69, 0],
		[416, "U15_B9", 1577.66, -104.83, "B", "DIP", "VBUS", "", "C", 35.43, 35.43, 19.69, 0],
		[417, "U16_1", 1289.15, 45, "B", "SMD", "32K", "", "O", 23.15, 80.51, 0, 270],
		[418, "U16_2", 1289.15, -5, "B", "SMD", "3V3", "", "O", 23.15, 80.51, 0, 270],
		[419, "U16_3", 1289.15, -55, "B", "SMD", "DS_IRQ", "", "O", 23.15, 80.51, 0, 270],
		[420, "U16_4", 1289.15, -105, "B", "SMD", "DS_RST", "", "O", 23.15, 80.51, 0, 270],
		[421, "U16_5", 1070.85, -105, "B", "SMD", "GND", "GND", "O", 23.15, 80.51, 0, 270],
		[422, "U16_6", 1070.85, -55, "B", "SMD", "VBAT_LOW", "", "O", 23.15, 80.51, 0, 270],
		[423, "U16_7", 1070.85, -5, "B", "SMD", "SDA", "", "O", 23.15, 80.51, 0, 270],
		[424, "U16_8", 1070.85, 45, "B", "SMD", "SCL", "", "O", 23.15, 80.51, 0, 270],
		[425, "U17_1", 310.22, 128.44, "B", "SMD", "BAT-5V", "", "R", 23.62, 47.24, 0, 90],
		[426, "U17_2", 310.22, 178.44, "B", "SMD", "BAT_CHRG", "", "R", 23.62, 47.24, 0, 90],
		[427, "U17_3", 310.22, 228.44, "B", "SMD", "$3N920", "", "R", 23.62, 47.24, 0, 90],
		[428, "U17_4", 310.22, 278.44, "B", "SMD", "BAT_FULL", "", "R", 23.62, 47.24, 0, 90],
		[429, "U17_5", 539.22, 278.44, "B", "SMD", "VBUS", "", "R", 23.62, 47.24, 0, 90],
		[430, "U17_6", 539.22, 228.44, "B", "SMD", "VBAT", "", "R", 23.62, 47.24, 0, 90],
		[431, "U17_7", 539.22, 178.44, "B", "SMD", "GND", "GND", "R", 23.62, 47.24, 0, 90],
		[432, "U17_8", 539.22, 128.44, "B", "SMD", "$3N1362", "", "R", 23.62, 47.24, 0, 90],
		[433, "U17_9", 424.72, 203.44, "B", "SMD", "GND", "GND", "R", 129.92, 94.49, 0, 270],
		[434, "U18_1", 735, -235, "T", "DIP", "$2N10742", "", "R", 51, 51, 28, 0],
		[435, "U18_1", 735, -235, "B", "DIP", "$2N10742", "", "R", 51, 51, 28, 0],
		[436, "U18_2", 635, -235, "T", "DIP", "DHT11", "", "C", 51, 51, 28, 0],
		[437, "U18_2", 635, -235, "B", "DIP", "DHT11", "", "C", 51, 51, 28, 0],
		[438, "U18_3", 535, -235, "T", "DIP", "U18_3", "", "C", 51, 51, 28, 0],
		[439, "U18_3", 535, -235, "B", "DIP", "U18_3", "", "C", 51, 51, 28, 0],
		[440, "U18_4", 435, -235, "T", "DIP", "GND", "GND", "C", 51, 51, 28, 0],
		[441, "U18_4", 435, -235, "B", "DIP", "GND", "GND", "C", 51, 51, 28, 0],
		[442, "U21_1", -1645.67, -307.09, "T", "DIP", "U21_1", "", "C", 137.79, 137.79, 94.49, 180],
		[443, "U21_1", -1645.67, -307.09, "B", "DIP", "U21_1", "", "C", 137.79, 137.79, 94.49, 180],
		[444, "U22_1", 1645.67, 307.09, "T", "DIP", "VBAT_LOW", "", "C", 137.79, 137.79, 94.49, 180],
		[445, "U22_1", 1645.67, 307.09, "B", "DIP", "VBAT_LOW", "", "C", 137.79, 137.79, 94.49, 180],
		[446, "U23_1", 399.7, 38.06, "T", "SMD", "VFD_POWER", "", "R", 49.21, 27.56, 0, 270],
		[447, "U23_2", 474.5, 38.06, "T", "SMD", "5V", "", "R", 49.21, 27.56, 0, 270],
		[448, "U23_3", 437.1, 116.8, "T", "SMD", "VFD-5V", "", "R", 49.21, 27.56, 0, 270],
		[449, "U24_1", 523.72, -123.28, "B", "SMD", "DHT11_POWER", "", "R", 49.21, 27.56, 0, 180],
		[450, "U24_2", 523.72, -48.48, "B", "SMD", "5V", "", "R", 49.21, 27.56, 0, 180],
		[451, "U24_3", 602.46, -85.88, "B", "SMD", "$2N10742", "", "R", 49.21, 27.56, 0, 180],
		[452, "U25_1", -59.49, 59.89, "B", "SMD", "WS2812_POWER", "", "R", 49.21, 27.56, 0, 270],
		[453, "U25_2", -134.29, 59.89, "B", "SMD", "5V", "", "R", 49.21, 27.56, 0, 270],
		[454, "U25_3", -96.89, 138.63, "B", "SMD", "WS2812-5V", "", "R", 49.21, 27.56, 0, 270],
		[455, "U26_1", -1585, -60.12, "T", "DIP", "5V", "", "C", 60, 60, 36, 90],
		[456, "U26_1", -1585, -60.12, "B", "DIP", "5V", "", "C", 60, 60, 36, 90],
		[457, "U26_2", -1685, -60.12, "T", "DIP", "ITR_TX", "", "C", 60, 60, 36, 90],
		[458, "U26_2", -1685, -60.12, "B", "DIP", "ITR_TX", "", "C", 60, 60, 36, 90],
		[459, "U26_3", -1685, 50.12, "T", "DIP", "GND", "GND", "C", 60, 60, 36, 90],
		[460, "U26_3", -1685, 50.12, "B", "DIP", "GND", "GND", "C", 60, 60, 36, 90],
		[461, "U26_4", -1585, 50.12, "T", "DIP", "ITR_RX", "", "C", 60, 60, 36, 90],
		[462, "U26_4", -1585, 50.12, "B", "DIP", "ITR_RX", "", "C", 60, 60, 36, 90],
		[463, "U27_1", -349.62, 130.29, "B", "SMD", "GND", "GND", "R", 42.13, 23.62, 0, 180],
		[464, "U27_2", -349.62, 205.09, "B", "SMD", "VFD-3V3", "", "R", 42.13, 23.62, 0, 180],
		[465, "U27_3", -252.37, 167.69, "B", "SMD", "VFD-5V", "", "R", 42.13, 23.62, 0, 180],
		[466, "VBAT-_1", 1645.67, -307.09, "T", "DIP", "GND", "GND", "C", 137.79, 137.79, 94.49, 180],
		[467, "VBAT-_1", 1645.67, -307.09, "B", "DIP", "GND", "GND", "C", 137.79, 137.79, 94.49, 180],
		[468, "VBAT+_1", -1645.67, 307.09, "T", "DIP", "VBAT", "", "C", 137.79, 137.79, 94.49, 180],
		[469, "VBAT+_1", -1645.67, 307.09, "B", "DIP", "VBAT", "", "C", 137.79, 137.79, 94.49, 180],
		[470, "X3_1", -1201.27, -145.13, "B", "SMD", "OSC_IN", "", "R", 55.12, 47.24, 0, 90],
		[471, "X3_2", -1201.27, -58.51, "B", "SMD", "GND", "GND", "R", 55.12, 47.24, 0, 90],
		[472, "X3_3", -1132.37, -58.51, "B", "SMD", "OSC_OUT", "", "R", 55.12, 47.24, 0, 90],
		[473, "X3_4", -1132.37, -145.13, "B", "SMD", "GND", "GND", "R", 55.12, 47.24, 0, 90]
	]
}
}